Forename,Tutor Initials,Tutor Name,Room Number,
Abigail,KMO,,,
Adam,JLE,,,
Adil,SSI,,,
Ahmed,PFR,,,
Aminat,SSI,,,
Amy,CSC,,,
April,UOG,,,
Asa,MPV,,,
Benjamin,CSC,,,
Bethany,CSC,,,
Brianna,BSA,,,
Brooke,UOG,,,
Bryony,DBR,,,
Christopher,DBR,,,
Claire,GBR,,,
Conner,SES,,,
Connor,SPA,,,
Curtis,CSC,,,
Daniel,CSC,,,
Dikpah,JLE,,,
Duncan,KMO,,,
Dynalyn,KMO,,,
Edna,WNG,,,
Elizabeth,WNG,,,
Ellen,KMO,,,
Emma,KMO,,,
Ethan,SSI,,,
Fiona,UOG,,,
Francesca,GBR,,,
Gemma,KMO,,,
Georgia,SSI,,,
Geraldene,UOG,,,
Grace,SES,,,
Gwynn,MAR,,,
Hannah,UOG,,,
Harry,MAR,,,
Hartati,KMO,,,
Hazel,SSI,,,
Holly,DBR,,,
Isabel,JLE,,,
Jack,BVW,,,
Jake,WNG,,,
Jamal,WNG,,,
James,JLE,,,
Jamie,SPA,,,
Jasmine,PFR,,,
Jemma,WNG,,,
Joseph,BSA,,,
Jovy,SPA,,,
Kiah,KMO,,,
Kristy,SSI,,,
Laura,SPA,,,
Lauren,PFR,,,
Leah,JLE,,,
Lee,BVW,,,
Liam,JLE,,,
Lilik,SPA,,,
Linzi,SES,,,
Louise,BVW,,,
Luke,GBR,,,
Magano,BSA,,,
Margie,DBR,,,
Megan,MAR,,,
Melica,MPV,,,
Mikaela,MAR,,,
Milade,BVW,,,
Milana,BVW,,,
Muyunda,SSI,,,
Neti,SES,,,
Olivia,BSA,,,
Pauline,BSA,,,
Peter,SES,,,
Rachel,SSI,,,
Rebecca,PFR,,,
Sabastian,KMO,,,
Sam,UOG,,,
Sarah,MAR,,,
Shannon,UOG,,,
Silvia,JLE,,,
Siodena,KMO,,,
Steven,GBR,,,
Sukrit,CSC,,,
Thirumalar,CSC,,,
Thomas,SPA,,,
Tolani,MAR,,,
Udoka,BSA,,,
Umpala,SSI,,,
William,WNG,,,
Yolanda,SSI,,,
Zoe,SPA,,,
,,,,
,,,,
,,,,
,,,,
,,,,
,,,,
,,,,
,,,,
,,,,
,,,,
,,,,
,,,,
,,,,
,,,,
,,,,
,,,,
,,,,
,,,,
,,,,
,,,,
,,,,
,,,,
,,,,
,,,,
,,,,
,,,,
,,,,
,,,,
,,,,
,,,,
,,,,
,,,,
,,,,
,,,,
,,,,
,,,,
,,,,
,,,,
,,,,
,,,,
,,,,
,,,,
,,,,
,,,,
,,,,
,,,,
,,,,
,,,,
,,,,
,,,,
,,,,
,,,,
,,,,
,,,,
,,,,
,,,,
,,,,
,,,,
,,,,
,,,,
,,,,
,,,,
,,,,
,,,,
,,,,
,,,,
,,,,
,,,,
,,,,
,,,,
,,,,
,,,,
,,,,
,,,,
,,,,
,,,,
,,,,
